SN_name,spectra_file,obs_date,dereddening,smoothing,source,frame
2011ke,SN2011ke_2011-05-11_00-00-00_Mayall_RC-Spec_PTF_0_obs.dat,2455692.5,No,Yes,Quimby et al. 2018,Rest
2011ke,SN2011ke_2011-05-13_00-00-00_Mayall_RC-Spec_PTF_0_obs.dat,2455694.5,No,Yes,Quimby et al. 2018,Rest
2011ke,2011ke_2011-05-15_00-00-00_Other_Other_None.ascii,2455696.5,Yes,No,Inserra et al. 2013,Unknown
2011ke,2011ke_2011-05-22_00-00-00_TNG_NICS_None.ascii,2455703.5,Yes,No,Inserra et al. 2013,Unknown
2011ke,SN2011ke_2011-05-25_00-00-00_P200_DBSP_PTF_0_obs.dat,2455706.5,No,Yes,Quimby et al. 2018,Rest
2011ke,SN2011ke_2011-05-30_00-00-00_HST_STIS_PTF_obs.dat,2455711.5,No,Yes,Quimby et al. 2018,Rest
2011ke,2011ke_2011-06-01_00-00-00_Other_Other_None.ascii,2455713.5,Yes,No,Inserra et al. 2013,Unknown
2011ke,SN2011ke_2011-06-01_00-00-00_Keck2_DEIMOS_PTF_0_obs.dat,2455713.5,No,Yes,Quimby et al. 2018,Rest
2011ke,SN2011ke_2011-06-07_00-00-00_Mayall_RC-Spec_PTF_0_obs.dat,2455719.5,No,Yes,Quimby et al. 2018,Rest
2011ke,2011ke_2011-06-09_00-00-00_VLT-UT1_FORS1_None.ascii,2455721.5,Yes,No,Inserra et al. 2013,Unknown
2011ke,2011ke_2011-06-18_00-00-00_Other_Other_None.ascii,2455730.5,Yes,No,Inserra et al. 2013,Unknown
2011ke,2011ke_2011-06-25_00-00-00_VLT-UT2_X-Shooter_None.ascii,2455737.5,Yes,No,Inserra et al. 2013,Unknown
2011ke,SN2011ke_2011-07-02_00-00-00_Keck1_LRIS_PTF_obs.dat,2455744.5,No,Yes,Quimby et al. 2018,Rest
2011ke,SN2011ke_2012-01-26_00-00-00_Keck1_LRIS_PTF_obs.dat,2455952.5,No,Yes,Quimby et al. 2018,Rest
2011ke,SN2011ke_2012-03-23_00-00-00_Keck1_LRIS_PTF_0_obs.dat,2456009.5,No,Yes,Quimby et al. 2018,Rest
2012il,SN2012il_2012-01-30_00-00-00_NOT_ALFOSC_None.ascii,2455956.5,Yes,No,Inserra et al. 2013,Unknown
2012il,SN2012il_2012-03-03_00-00-00_WHT-4.2m_ISIS_None.ascii,2455989.5,Yes,No,Inserra et al. 2013,Unknown
2012il,SN2012il_2012-03-03_00-00-00_WHT-4.2m_ISIS_None_0.ascii,2455989.5,Yes,No,Inserra et al. 2013,Unknown
2012il,SN2012il_2012-03-17_00-00-00_VLT-UT2_X-Shooter_None.ascii,2456003.5,Yes,No,Inserra et al. 2013,Unknown
2012il,SN2012il_2012-03-17_00-00-00_VLT-UT2_X-Shooter_None_0.ascii,2456003.5,Yes,No,Inserra et al. 2013,Unknown
2012il,SN2012il_2012-03-17_00-00-00_VLT-UT2_X-Shooter_None_1.ascii,2456003.5,Yes,No,Inserra et al. 2013,Unknown
2012il,SN2012il_2012-03-17_00-00-00_VLT-UT2_X-Shooter_None_2.ascii,2456003.5,Yes,No,Inserra et al. 2013,Unknown
,,,,,DES15E2mlf_2015-12-15_02-03-29_Gemini-S_GMOS-S_None.flm,Unknown
DES15E2mlf,DES15E2mlf_2016-01-14_01-14-13_Gemini-S_GMOS-S_None.flm,2457401.5515394,No,No,2017MNRAS.470.4241P,Unknown
DES15E2mlf,DES15E2mlf_2015-12-06_02-20-13_Gemini-S_GMOS-S_None.flm,2457362.5973727,No,No,2017MNRAS.470.4241P,Unknown
LSQ14mo,LSQ14mo_2014-01-31_05-23-17_ESO-NTT_EFOSC2-NTT_PESSTO-SSDR.dat,2456688.7245023,No,No,PESSTO-SSDR1-2,Unknown
LSQ14mo,LSQ14mo_2014-02-06_06-12-01_ESO-NTT_EFOSC2-NTT_PESSTO-SSDR.dat,2456694.7583449,No,No,PESSTO-SSDR1-2,Unknown
LSQ14mo,LSQ14mo_2014-04-21_02-18-03_ESO-NTT_EFOSC2-NTT_PESSTO-SSDR.dat,2456768.5958681,No,No,PESSTO-SSDR1-2,Unknown
LSQ14mo,LSQ14mo_2014-02-06_05-31-59_ESO-NTT_EFOSC2-NTT_PESSTO-SSDR.dat,2456694.730544,No,No,PESSTO-SSDR1-2,Unknown
LSQ14mo,LSQ14mo_2014-02-06_04-30-51_ESO-NTT_EFOSC2-NTT_PESSTO-SSDR.dat,2456694.6880903,No,No,PESSTO-SSDR1-2,Unknown
LSQ14mo,LSQ14mo_2014-01-31_03-46-58_ESO-NTT_EFOSC2-NTT_PESSTO.asci,2456688.6576157,No,No,PESSTO,Unknown
LSQ14mo,LSQ14mo_2014-02-28_03-34-32_ESO-NTT_EFOSC2-NTT_PESSTO-SSDR.dat,2456716.6489815,No,No,PESSTO-SSDR1-2,Unknown
LSQ14mo,LSQ14mo_2014-04-21_02-58-37_ESO-NTT_EFOSC2-NTT_PESSTO-SSDR.dat,2456768.6240394,No,No,PESSTO-SSDR1-2,Unknown
LSQ14mo,LSQ14mo_2014-02-20_01-50-04_ESO-NTT_EFOSC2-NTT_PESSTO-SSDR.dat,2456708.5764352,No,No,PESSTO-SSDR1-2,Unknown
LSQ14mo,LSQ14mo_2014-02-06_07-13-09_ESO-NTT_EFOSC2-NTT_PESSTO-SSDR.dat,2456694.8007986,No,No,PESSTO-SSDR1-2,Unknown
LSQ14mo,LSQ14mo_2014-02-20_01-19-30_ESO-NTT_EFOSC2-NTT_PESSTO-SSDR.dat,2456708.5552083,No,No,PESSTO-SSDR1-2,Unknown
LSQ14mo,LSQ14mo_2014-02-06_05-01-25_ESO-NTT_EFOSC2-NTT_PESSTO-SSDR.dat,2456694.7093171,No,No,PESSTO-SSDR1-2,Unknown
LSQ14mo,LSQ14mo_2014-02-28_04-05-06_ESO-NTT_EFOSC2-NTT_PESSTO-SSDR.dat,2456716.6702083,No,No,PESSTO-SSDR1-2,Unknown
LSQ14mo,LSQ14mo_2014-03-08_06-13-10_ESO-NTT_EFOSC2-NTT_PESSTO-SSDR.dat,2456724.7591435,No,No,PESSTO-SSDR1-2,Unknown
LSQ14mo,LSQ14mo_2014-03-08_06-53-44_ESO-NTT_EFOSC2-NTT_PESSTO-SSDR.dat,2456724.7873148,No,No,PESSTO-SSDR1-2,Unknown
LSQ14mo,LSQ14mo_2014-02-06_06-42-35_ESO-NTT_EFOSC2-NTT_PESSTO-SSDR.dat,2456694.7795718,No,No,PESSTO-SSDR1-2,Unknown
LSQ14mo,LSQ14mo_2014-01-31_03-46-58_ESO-NTT_EFOSC2-NTT_PESSTO-SSDR.dat,2456688.6576157,No,No,PESSTO-SSDR1-2,Unknown
LSQ14mo,LSQ14mo_2014-04-21_01-37-28_ESO-NTT_EFOSC2-NTT_PESSTO-SSDR.dat,2456768.5676852,No,No,PESSTO-SSDR1-2,Unknown
LSQ14mo,LSQ14mo_2014-01-31_04-52-43_ESO-NTT_EFOSC2-NTT_PESSTO-SSDR.dat,2456688.7032755,No,No,PESSTO-SSDR1-2,Unknown
LSQ14mo,LSQ14mo_2014-03-08_05-32-36_ESO-NTT_EFOSC2-NTT_PESSTO-SSDR.dat,2456724.7309722,No,No,PESSTO-SSDR1-2,Unknown
LSQ14mo,LSQ14mo_2014-02-28_03-03-57_ESO-NTT_EFOSC2-NTT_PESSTO-SSDR.dat,2456716.6277431,No,No,PESSTO-SSDR1-2,Unknown
LSQ14mo,LSQ14mo_2014-02-20_02-20-39_ESO-NTT_EFOSC2-NTT_PESSTO-SSDR.dat,2456708.5976736,No,No,PESSTO-SSDR1-2,Unknown
LSQ14mo,LSQ14mo_2014-04-21_00-56-53_ESO-NTT_EFOSC2-NTT_PESSTO-SSDR.dat,2456768.5395023,No,No,PESSTO-SSDR1-2,Unknown
PS1-10awh,PS1-10awh_2010-12-09_00-00-00_MMT_MMT-Blue_PS1.flm,2455539.5,No,No,PS1,Unknown
PS1-10awh,PS1-10awh_2010-10-12_00-00-00_Gemini-N_GMOS_PS1.flm,2455481.5,No,No,PS1,Unknown
PS1-10awh,PS1-10awh_2010-11-27_00-00-00_MMT_Hectospec_PS1.flm,2455527.5,No,No,PS1,Unknown
PTF09cnd,PTF09cnd_2009-10-12_00-00-00_WHT-4.2m_ISIS_PTF_0.dat,2455116.5,No,Yes,PTF,Rest
PTF09cnd,PTF09cnd_2010-01-14_00-00-00_Keck1_LRIS_PTF_0.dat,2455210.5,No,Yes,PTF,Rest
PTF09cnd,PTF09cnd_2014-05-27_11-26-05_Keck1_LRIS_None.spec,2456804.9764468,No,No,2016ApJ...830...13P,Unknown
PTF09cnd,PTF09cnd_2010-02-11_00-00-00_Keck1_LRIS_PTF.dat,2455238.5,No,No,PTF,Unknown
PTF09cnd,PTF09cnd_2009-08-25_00-00-00_Keck1_LRIS_PTF_0.dat,2455068.5,No,Yes,PTF,Rest
PTF09cnd,PTF09cnd_2009-10-23_00-00-00_Keck1_LRIS_PTF_0.dat,2455127.5,No,Yes,PTF,Rest
PTF09cnd,PTF09cnd_2009-10-17_00-00-00_Keck1_LRIS_PTF.dat,2455121.5,No,Yes,PTF,Rest
PTF09cnd,PTF09cnd_2009-09-23_00-00-00_Keck1_LRIS_PTF_1.dat,2455097.5,No,Yes,PTF,Rest
PTF09cnd,PTF09cnd_2009-08-25_00-00-00_Keck1_LRIS_PTF.dat,2455068.5,No,No,PTF,Unknown
PTF09cnd,PTF09cnd_2010-09-05_00-00-00_Keck1_LRIS_PTF.dat,2455444.5,No,Yes,PTF,Rest
PTF09cnd,PTF09cnd_2009-09-15_00-00-00_WHT-4.2m_ISIS_PTF.dat,2455089.5,No,Yes,PTF,Rest
PTF09cnd,PTF09cnd_2011-07-02_00-00-00_Keck1_LRIS_PTF.dat,2455744.5,No,Yes,PTF,Rest
PTF09cnd,PTF_09cnd_2009-10-23_05-49-55_Keck1_LRIS_UCB-SNDB_0.flm,2455127.7429977,No,No,UCB-SNDB,Unknown
PTF09cnd,PTF09cnd_2010-02-11_00-00-00_Keck1_LRIS_PTF_0.dat,2455238.5,No,Yes,PTF,Rest
PTF09cnd,PTF09cnd_2009-08-12_00-00-00_WHT-4.2m_ISIS_PTF_0.dat,2455055.5,No,Yes,PTF,Rest
PTF09cnd,PTF09cnd_2009-08-16_00-00-00_P200_DBSP_PTF_1.dat,2455059.5,No,Yes,PTF,Rest
PTF09cnd,PTF09cnd_2010-07-09_00-00-00_Keck1_LRIS_PTF.dat,2455386.5,No,Yes,PTF,Rest
PS1-11aib,PS1-11aib_2011-11-28_MMT_MMT-Blue_None.ascii,2455893.5,No,No,2018ApJ...852...81L,Unknown
2007bi,2007bi_2008-08-04_00-00-00_Keck1_LRIS_PTFdryrun.dat,2454682.5,No,No,PTFdryrun,Unknown
2007bi,SN2007bi_2008-04-10_00-00-00_VLT-UT1_FORS2_None.txt,2454566.5,No,No,2017ApJ...835...13J,Unknown
2007bi,SN2007bi_2008-08-04_00-00-00_Keck1_LRIS_None_0.txt,2454682.5,No,No,2017ApJ...835...13J,Unknown
2007bi,2007bi_2007-06-15_WHT-4.2m_ISIS_None.ascii,2454266.5,No,No, 2010A&amp;A...512A..70Y,Unknown
2007bi,2007bi_2008-04-10_00-00-00_VLT-UT1_FORS2_PTFdryrun.dat,2454566.5,No,No,PTFdryrun,Unknown
2007bi,2007bi_2007-04-16_00-00-00_Keck1_LRIS_PTFdryrun.flm,2454206.5,No,No,PTFdryrun,Unknown
2007bi,SN2007bi_2008-08-04_00-00-00_Keck1_LRIS_None.txt,2454682.5,No,No,2017ApJ...835...13J,Unknown
2007bi,SN2007bi_2008-04-10_00-00-00_VLT-UT1_FORS2_None_0.txt,2454566.5,No,No,2017ApJ...835...13J,Unknown
2007bi,2007bi_2007-04-22_Ekar_AFOSC_None.ascii,2454212.5,No,No,2010A&amp;amp;amp;A...512A..70Y,Unknown
2007bi,SN_2007bi_2007-04-16_08-49-55_Keck1_LRIS_UCB-SNDB_0.flm,2454206.8679977,No,No,UCB-SNDB,Unknown
2007bi,2007bi_2007-07-21_WHT-4.2m_ISIS_None.ascii,2454302.5,No,No,2010A&amp;amp;amp;A...512A..70Y,Unknown
2007bi,2007bi_2007-04-24_INT-2.5m_IDS_None.ascii,2454214.5,No,No, 2010A&amp;A...512A..70Y,Unknown
2007bi,SN_2007bi_2007-04-15_14-26-52_Keck1_LRIS_UCB-SNDB_0.flm,2454206.1019907,No,No,UCB-SNDB,Unknown
2005ap,2005ap_2005-03-16_00-00-00_Keck1_LRIS_CCCP_0.dat,2453445.5,No,No,CCCP,Unknown
2005ap,2005ap_2005-04-15_00-00-00_P200_DBSP_CCCP.flm,2453475.5,No,No,CCCP,Unknown
2005ap,2005ap_2005-03-16_00-00-00_Keck1_LRIS_CCCP.dat,2453445.5,No,No,CCCP,Unknown
2005ap,SN2005ap_2005-03-16_00-00-00_Keck1_LRIS_None.ascii,2453445.5,No,No,,Unknown
2005ap,SN2005ap_2005-03-07_00-00-00_HET_HET-LRS_TS3.dat,2453436.5,No,No,TS3,Unknown
SSS120810,SSS120810-231802-560926_2012-09-26_00-00-00_VLT-UT2_X-Shooter_None_0.txt,2456196.5,No,No,2014MNRAS.444.2096N,Unknown
SSS120810,SSS120810-231802-560926_2012-08-18_05-43-05_ESO-NTT_EFOSC2-NTT_PESSTO-SSDR.ascii,2456157.7382523,No,No,PESSTO-SSDR1-2,Unknown
SSS120810,SSS120810-231802-560926_2012-09-26_00-00-00_VLT-UT2_X-Shooter_None.txt,2456196.5,No,No,2014MNRAS.444.2096N,Unknown
SSS120810,SSS120810-231802-560926_2012-10-15_06-24-12_ESO-NTT_EFOSC2-NTT_PESSTO-SSDR.ascii,2456215.7668056,No,No,PESSTO-SSDR1-2,Unknown
SSS120810,SSS120810-231802-560926_2012-10-15_07-25-22_ESO-NTT_EFOSC2-NTT_PESSTO-SSDR.ascii,2456215.8092824,No,No,PESSTO-SSDR1-2,Unknown
SSS120810,SSS120810-231802-560926_2012-09-24_06-31-09_ESO-NTT_EFOSC2-NTT_PESSTO-SSDR.ascii,2456194.7716319,No,No,PESSTO-SSDR1-2,Unknown
SSS120810,SSS120810-231802-560926_2012-09-24_06-15-35_ESO-NTT_EFOSC2-NTT_PESSTO-SSDR.ascii,2456194.7608218,No,No,PESSTO-SSDR1-2,Unknown
SSS120810,SSS120810-231802-560926_2012-09-16_05-09-45_ESO-NTT_EFOSC2-NTT_PESSTO-SSDR.ascii,2456186.7151042,No,No,PESSTO-SSDR1-2,Unknown
SSS120810,SSS120810-231802-560926_2012-10-15_06-54-47_ESO-NTT_EFOSC2-NTT_PESSTO-SSDR.ascii,2456215.788044,No,No,PESSTO-SSDR1-2,Unknown
SSS120810,SSS120810-231802-560926_2012-09-16_05-40-19_ESO-NTT_EFOSC2-NTT_PESSTO-SSDR.ascii,2456186.736331,No,No,PESSTO-SSDR1-2,Unknown
SSS120810,SSS120810-231802-560926_2012-08-18_05-43-05_ESO-NTT_EFOSC2-NTT_PESSTO.asci,2456157.7382523,No,No,PESSTO,Unknown
SSS120810,SSS120810-231802-560926_2012-10-15_07-55-57_ESO-NTT_EFOSC2-NTT_PESSTO-SSDR.ascii,2456215.8305208,No,No,PESSTO-SSDR1-2,Unknown
SSS120810,SSS120810-231802-560926_2012-08-19_06-44-20_ESO-NTT_EFOSC2-NTT_PESSTO-SSDR.ascii,2456158.780787,No,No,PESSTO-SSDR1-2,Unknown
SSS120810,SSS120810-231802-560926_2012-08-25_04-34-24_ESO-NTT_EFOSC2-NTT_PESSTO-SSDR.ascii,2456164.6905556,No,No,PESSTO-SSDR1-2,Unknown
SSS120810,SSS120810-231802-560926_2012-09-24_04-23-28_ESO-NTT_EFOSC2-NTT_PESSTO-SSDR.ascii,2456194.682963,No,No,PESSTO-SSDR1-2,Unknown
SNLS-06D4eu,SNLS-06D4eu_2006-08-31_00-00-00_VLT-UT1_FORS1_SNLS.dat,2453978.5,No,No,SNLS,Unknown
SCP-06F6,SCP-06F6_2006-04-22_00-00-00_Subaru_FOCAS_None.txt,2453847.5,No,No,2009ApJ...690.1358B,Unknown
SCP-06F6,SCP-06F6_2006-05-18_00-00-00_VLT-UT1_FORS2_None.txt,2453873.5,No,No,2009ApJ...690.1358B,Unknown
SCP-06F6,SCP-06F6_2006-05-28_00-00-00_Keck1_LRIS_None.txt,2453883.5,No,No,2009ApJ...690.1358B,Unknown
SNLS-07D2bv,SNLS-07D2bv_2007-03-16_00-00-00_VLT-UT1_FORS1_SNLS.dat,2454175.5,No,No,SNLS,Unknown
DES14X3taz,DES14X3taz_2015-02-06_20-25-46_GTC_OSIRIS_None.txt,2457060.3512269,No,No,2016ApJ...818L...8S,Unknown
DES14X3taz,DES14X3taz_2015-01-26_20-14-53_GTC_OSIRIS_None.txt,2457049.343669,No,No,2016ApJ...818L...8S,Unknown
PS1-13or,PS1-13or_2013-05-04_Gemini-N_GMOS_None.ascii,2456416.5,No,No,2018ApJ...852...81L,Unknown
2016eay,2016eay_2017-11-26_09-58-30_MMT_MMT-Blue_None.txt,2458083.915625,No,No,2018arXiv180800510N,Unknown
2016eay,2016eay_2016-06-14_HST_STIS_None.txt,2457553.5,No,No,2017ApJ...840...57Y,Unknown
2016eay,2016eay_2016-05-20_22-14-04_NOT_ALFOSC_None.txt,2457529.4264352,No,No,2017MNRAS.469.1246K,Unknown
2016eay,2016eay_2016-05-31_00-00-00_FLWO-1.5m_FAST_None.txt,2457539.5,No,No,2017ApJ...835L...8N,Unknown
2016eay,2016eay_2016-11-24_05-37-23_NOT_ALFOSC_None.txt,2457716.734294,No,No,2017MNRAS.469.1246K,Unknown
2016eay,2016eay_2016-07-15_22-17-42_NOT_ALFOSC_None.txt,2457585.4289583,No,No,2017MNRAS.469.1246K,Unknown
2016eay,2016eay_2016-07-04_00-00-00_FLWO-1.5m_FAST_None.txt,2457573.5,No,No,2017ApJ...835L...8N,Unknown
2016eay,2016eay_2016-07-10_00-00-00_MMT_MMT-Blue_None.txt,2457579.5,No,No,2017ApJ...835L...8N,Unknown
2016eay,2016eay_2017-02-23_02-25-29_GTC_OSIRIS_None.txt,2457807.6010301,No,No,2017MNRAS.469.1246K,Unknown
2016eay,2016eay_2016-06-13_23-58-12_NOT_ALFOSC_None.txt,2457553.49875,No,No,2017MNRAS.469.1246K,Unknown
2016eay,2016eay_2016-06-02_HST_STIS_None.txt,2457541.5,No,No,2017ApJ...840...57Y,Unknown
2016eay,2016eay_2016-06-24_23-13-39_NOT_ALFOSC_None.txt,2457564.4678125,No,No,2017MNRAS.469.1246K,Unknown
2016eay,2016eay_2016-12-10_05-07-03_NOT_ALFOSC_None.txt,2457732.7132292,No,No,2017MNRAS.469.1246K,Unknown
2016eay,2016eay_2016-07-04_22-43-20_NOT_ALFOSC_None.txt,2457574.4467593,No,No,2017MNRAS.469.1246K,Unknown
2016eay,2016eay_2017-05-17_07-28-52_Gemini-N_GMOS_None.txt,2457890.811713,No,No,2018arXiv180800510N,Unknown
2016eay,2016eay_2016-05-27_P200_DBSP_None.txt,2457535.5,No,No,2017ApJ...840...57Y,Unknown
2016eay,2016eay_2016-06-07_Keck1_LRIS_None.txt,2457546.5,No,No,2017ApJ...840...57Y,Unknown
2016eay,2016eay_2016-05-31_P200_DBSP_None.txt,2457539.5,No,No,2017ApJ...840...57Y,Unknown
2016eay,2016eay_2016-05-24_00-08-02_NOT_ALFOSC_None.txt,2457532.5055787,No,No,2017MNRAS.469.1246K,Unknown
2016eay,2016eay_2016-06-06_00-00-00_MMT_MMT-Blue_None.txt,2457545.5,No,No,2017ApJ...835L...8N,Unknown
2016eay,2016eay_2016-06-30_HST_STIS_None.txt,2457569.5,No,No,2017ApJ...840...57Y,Unknown
2016eay,2016eay_2016-06-04_00-00-00_FLWO-1.5m_FAST_None.txt,2457543.5,No,No,2017ApJ...835L...8N,Unknown
2016eay,2016eay_2017-01-14_05-19-42_GTC_OSIRIS_None.txt,2457767.7220139,No,No,2017MNRAS.469.1246K,Unknown
2016eay,2016eay_2016-07-28_21-34-47_NOT_ALFOSC_None.txt,2457598.3991551,No,No,2017MNRAS.469.1246K,Unknown
2016eay,2016eay_2016-12-04_00-00-00_MMT_MMT-Blue_None.txt,2457726.5,No,No,2017ApJ...835L...8N,Unknown
2010gx,2010gx_2010-05-02_00-00-00_WHT-4.2m_ISIS_None.ascii,2455318.5,No,No,2010ApJ...724L..16P,Unknown
2010gx,SN2010gx_2011-03-26_00-00-00_Keck1_LRIS_PTF.dat,2455646.5,No,Yes,PTF,Rest
2010gx,SN2010gx_2010-03-18_00-00-00_P200_DBSP_PTF.dat,2455273.5,No,No,PTF,Unknown
2010gx,2010gx_2010-04-01_00-00-00_WHT-4.2m_ISIS_None.ascii,2455287.5,No,No,2010ApJ...724L..16P,Unknown
2010gx,2010gx_2010-04-09_00-00-00_Gemini-S_GMOS-S_None.ascii,2455295.5,No,No,2010ApJ...724L..16P,Unknown
2010gx,2010gx_2010-04-22_00-00-00_Gemini-S_GMOS-S_None.ascii,2455308.5,No,No,2010ApJ...724L..16P,Unknown
2010gx,SN2010gx_2014-11-19_15-22-40_Keck1_LRIS_None.spec,2456981.1407407,No,No,2016ApJ...830...13P,Unknown
2010gx,SN2010gx_2010-05-07_00-00-00_P200_DBSP_PTF_0.dat,2455323.5,No,Yes,PTF,Rest
2010gx,SN2010gx_2010-04-08_00-00-00_P200_DBSP_PTF_1.dat,2455294.5,No,Yes,PTF,Rest
2010gx,2010gx_2010-06-05_00-00-00_Gemini-S_GMOS-S_None.ascii,2455352.5,No,No,2010ApJ...724L..16P,Unknown
2010gx,2010gx_2010-03-22_00-00-00_Gemini-S_GMOS-S_None.ascii,2455277.5,No,No,2010ApJ...724L..16P,Unknown
2010gx,SN2010gx_2010-03-18_00-00-00_P200_DBSP_PTF_1.dat,2455273.5,No,Yes,PTF,Rest
2010gx,2010gx_2010-03-21_00-00-00_NOT_ALFOSC_None.ascii,2455276.5,No,No,2010ApJ...724L..16P,Unknown
2010gx,SN2010gx_2010-06-17_00-00-00_Keck1_LRIS_PTF_0.dat,2455364.5,No,Yes,PTF,Rest
2010md,SN2010md_2010-08-28_00-00-00_WHT-4.2m_ISIS_None.ascii,2455436.5,No,No,2013ApJ...770..128I,Unknown
2010md,2010md_2010-06-11_00-00-00_Lick-3m_KAST_PTF_0.dat,2455358.5,No,Yes,PTF,Rest
2010md,2010md_2011-06-01_00-00-00_Keck2_DEIMOS_PTF_0.dat,2455713.5,No,Yes,PTF,Rest
2010md,2010md_2010-09-05_00-00-00_P200_DBSP_PTF_0.dat,2455444.5,No,Yes,PTF,Rest
2010md,2010md_2010-07-19_00-00-00_Lick-3m_KAST_PTF_0.dat,2455396.5,No,Yes,PTF,Rest
2010md,SN2010md_2011-06-01_00-00-00_Keck2_DEIMOS_None.spec,2455713.5,No,No,2016ApJ...830...13P,Unknown
2010md,SN_2010md_2010-07-19_08-41-16_Lick-3m_KAST_UCB-SNDB_0.flm,2455396.8619907,No,No,UCB-SNDB,Unknown
2010md,2010md_2010-11-01_00-00-00_Keck1_LRIS_PTF_0.dat,2455501.5,No,Yes,PTF,Rest
2010md,SN2010md_2010-09-11_00-00-00_VLT-UT1_FORS1_None.ascii,2455450.5,No,No,2013ApJ...770..128I,Unknown
2010md,2010md_2010-10-03_00-00-00_Keck1_LRIS_PTF_0.dat,2455472.5,No,Yes,PTF,Rest
2010md,SN2010md_2010-07-20_00-00-00_TNG_NICS_None.ascii,2455397.5,No,No,2013ApJ...770..128I,Unknown
2010md,SN_2010md_2010-06-11_08-47-02_Lick-3m_KAST_UCB-SNDB_0.flm,2455358.8659954,No,No,UCB-SNDB,Unknown
2010md,2010md_2010-05-21_00-00-00_P200_DBSP_PTF_0.dat,2455337.5,No,Yes,PTF,Rest
2010md,2010md_2010-07-14_00-00-00_P200_DBSP_PTF_0.dat,2455391.5,No,Yes,PTF,Rest
2010md,2010md_2010-07-07_00-00-00_Lick-3m_KAST_PTF_0.dat,2455384.5,No,Yes,PTF,Rest
2010md,2010md_2010-09-10_00-00-00_Mayall_RC-Spec_PTF_0.dat,2455449.5,No,Yes,PTF,Rest
2010md,SN_2010md_2010-07-07_07-55-12_Lick-3m_KAST_UCB-SNDB_0.flm,2455384.83,No,No,UCB-SNDB,Unknown
2010md,2010md_2010-08-11_00-00-00_Keck1_LRIS_PTF_0.dat,2455419.5,No,Yes,PTF,Rest
2010md,2010md_2011-03-12_00-00-00_Keck1_LRIS_PTF_0.dat,2455632.5,No,Yes,PTF,Rest
2010md,2010md_2010-07-08_00-00-00_Keck1_LRIS_PTF.dat,2455385.5,No,Yes,PTF,Rest
PS1-11afv,PS1-11afv_2011-07-09_Gemini-N_GMOS_None.ascii,2455751.5,No,No,2018ApJ...852...81L,Unknown
LSQ12dlf,LSQ12dlf_2012-08-08_07-56-05_ESO-NTT_EFOSC2-NTT_PESSTO-SSDR.ascii,2456147.8306134,No,No,PESSTO-SSDR1-2,Unknown
LSQ12dlf,LSQ12dlf_2012-08-12_17-13-47_ANU-2.3m_WiFeS_PESSTO.dat,2456152.2179051,No,No,PESSTO,Unknown
LSQ12dlf,LSQ12dlf_2012-08-25_06-57-19_ESO-NTT_EFOSC2-NTT_PESSTO-SSDR.ascii,2456164.7898032,No,No,PESSTO-SSDR1-2,Unknown
LSQ12dlf,LSQ12dlf_2012-09-12_00-00-00_VLT-UT2_X-Shooter_None.txt,2456182.5,No,No,2014MNRAS.444.2096N,Unknown
LSQ12dlf,LSQ12dlf_2012-08-19_07-30-45_ESO-NTT_EFOSC2-NTT_PESSTO-SSDR.ascii,2456158.8130208,No,No,PESSTO-SSDR1-2,Unknown
LSQ12dlf,LSQ12dlf_2012-08-08_07-56-05_ESO-NTT_EFOSC2-NTT_PESSTO.asci,2456147.8306134,No,No,PESSTO,Unknown
LSQ12dlf,LSQ12dlf_2012-08-11_16-36-21_ANU-2.3m_WiFeS_PESSTO.dat,2456151.1919097,No,No,PESSTO,Unknown
LSQ12dlf,LSQ12dlf_2012-08-10_07-57-55_ESO-NTT_EFOSC2-NTT_PESSTO-SSDR.ascii,2456149.8318866,No,No,PESSTO-SSDR1-2,Unknown
LSQ12dlf,LSQ12dlf_2012-08-12_17-13-47_ANU-2.3m_WiFeS_PESSTO_0.dat,2456152.2179051,No,No,PESSTO,Unknown
LSQ12dlf,LSQ12dlf_2012-09-23_08-19-12_ESO-NTT_EFOSC2-NTT_PESSTO-SSDR.ascii,2456193.8466667,No,No,PESSTO-SSDR1-2,Unknown
LSQ12dlf,LSQ12dlf_2012-08-10_08-28-45_ESO-NTT_EFOSC2-NTT_PESSTO-SSDR.ascii,2456149.8532986,No,No,PESSTO-SSDR1-2,Unknown
LSQ12dlf,LSQ_12dlf_2012-08-23_11-25-26_Lick-3m_KAST_UCB-SNDB_0.flm,2456162.9759954,No,No,UCB-SNDB,Unknown
LSQ12dlf,LSQ12dlf_2012-08-13_14-55-06_ANU-2.3m_WiFeS_PESSTO_0.dat,2456153.1215972,No,No,PESSTO,Unknown
LSQ12dlf,LSQ12dlf_2012-09-10_08-26-07_ESO-NTT_EFOSC2-NTT_PESSTO-SSDR.ascii,2456180.8514699,No,No,PESSTO-SSDR1-2,Unknown
LSQ12dlf,LSQ12dlf_2012-09-23_07-48-38_ESO-NTT_EFOSC2-NTT_PESSTO-SSDR.ascii,2456193.8254398,No,No,PESSTO-SSDR1-2,Unknown
LSQ12dlf,LSQ12dlf_2012-08-11_16-36-21_ANU-2.3m_WiFeS_PESSTO_0.dat,2456151.1919097,No,No,PESSTO,Unknown
LSQ12dlf,LSQ12dlf_2012-08-13_14-55-06_ANU-2.3m_WiFeS_PESSTO.dat,2456153.1215972,No,No,PESSTO,Unknown
LSQ12dlf,LSQ12dlf_2012-09-12_00-00-00_VLT-UT2_X-Shooter_None_0.txt,2456182.5,No,No,2014MNRAS.444.2096N,Unknown
LSQ12dlf,LSQ12dlf_2012-09-10_07-55-33_ESO-NTT_EFOSC2-NTT_PESSTO-SSDR.ascii,2456180.8302431,No,No,PESSTO-SSDR1-2,Unknown
LSQ12dlf,LSQ12dlf_2012-09-12_00-00-00_VLT-UT2_X-Shooter_None_1.txt,2456182.5,No,No,2014MNRAS.444.2096N,Unknown
iPTF13ehe,iPTF13ehe_2014-02-01_10-13-46_P200_DBSP_iPTF.dat,2456689.9262269,No,No,iPTF,Unknown
iPTF13ehe,iPTF13ehe_2014-01-06_00-00-00_P200_DBSP_iPTF.txt,2456663.5,No,No,iPTF,Unknown
iPTF13ehe,iPTF13ehe_2014-12-17_10-39-42_Keck1_LRIS_iPTF.ascii,2457008.9442361,No,No,iPTF,Unknown
iPTF13ehe,iPTF13ehe_2014-01-01_00-00-00_Keck2_DEIMOS_iPTF.ascii,2456658.5,No,No,iPTF,Unknown
iPTF13ehe,iPTF13ehe_2014-12-21_10-07-01_Keck2_DEIMOS_iPTF.ascii,2457012.9215394,No,No,iPTF,Unknown
iPTF13ehe,iPTF13ehe_2015-01-22_09-29-23_Keck1_LRIS_iPTF.ascii,2457044.8954051,No,No,iPTF,Unknown
iPTF13ehe,iPTF13ehe_2014-01-06_00-00-00.000000_P200_DBSP_iPTF.ascii,2456663.5,No,No,iPTF,Unknown
2006oz,SN2006oz_2006-11-22_00-00-00_NOT_ALFOSC_None.dat,2454061.5,No,No,2012A&amp;A...541A.129L,Unknown
LSQ14bdq,LSQ14bdq_2014-05-07_00-26-51_ESO-NTT_EFOSC2-NTT_PESSTO-SSDR.dat,2456784.5186458,No,No,PESSTO-SSDR1-2,Unknown
LSQ14bdq,LSQ14bdq_2014-05-04_23-27-07_ESO-NTT_EFOSC2-NTT_PESSTO-SSDR.dat,2456782.4771644,No,No,PESSTO-SSDR1-2,Unknown
LSQ14bdq,LSQ14bdq_2014-05-06_01-47-54_ESO-NTT_EFOSC2-NTT_PESSTO-SSDR.dat,2456783.5749306,No,No,PESSTO-SSDR1-2,Unknown
LSQ14bdq,LSQ14bdq_2014-05-06_01-17-20_ESO-NTT_EFOSC2-NTT_PESSTO-SSDR.dat,2456783.5537037,No,No,PESSTO-SSDR1-2,Unknown
LSQ14bdq,LSQ14bdq_2014-05-04_23-27-07_ESO-NTT_EFOSC2-NTT_PESSTO.asci,2456782.4771644,No,No,PESSTO,Unknown
2013hy,2013hy_2013-11-20_00-00-00_VLT-UT1_FORS2_None.dat,2456616.5,No,No,2015MNRAS.449.1215P,Unknown
2013dg,SN2013dg_2013-07-20_00-00-00_VLT-UT2_X-Shooter_None.txt,2456493.5,No,No,2014MNRAS.444.2096N,Unknown
2013dg,SN2013dg_2013-07-20_00-00-00_VLT-UT2_X-Shooter_None_0.txt,2456493.5,No,No,2014MNRAS.444.2096N,Unknown
2013dg,SN2013dg_2013-07-20_00-00-00_VLT-UT2_X-Shooter_None_1.txt,2456493.5,No,No,2014MNRAS.444.2096N,Unknown
2013dg,SN_2013dg_2013-06-15_06-47-31_Lick-3m_KAST_UCB-SNDB_0.flm,2456458.7829977,No,No,UCB-SNDB,Unknown
2013dg,2013dg_2013-06-10_23-22-55_WHT-4.2m_ISIS_PESSTO.asci,2456454.4742477,No,No,PESSTO,Unknown
2013dg,SN2013dg_2013-06-25_00-00-00_VLT-UT2_X-Shooter_None.txt,2456468.5,No,No,2014MNRAS.444.2096N,Unknown
2013dg,SN2013dg_2013-06-25_00-00-00_VLT-UT2_X-Shooter_None_0.txt,2456468.5,No,No,2014MNRAS.444.2096N,Unknown
2013dg,SN2013dg_2013-06-25_00-00-00_VLT-UT2_X-Shooter_None_1.txt,2456468.5,No,No,2014MNRAS.444.2096N,Unknown
2015bn,2015bn_2015-03-24_00-00-00_UH88_SNIFS_None.txt,2457105.5,No,No,2016ApJ...826...39N,Unknown
2015bn,2015bn_2015-03-27_00-00-00_ESO-NTT_EFOSC2-NTT_None.txt,2457108.5,No,No,2016ApJ...826...39N,Unknown
2015bn,2015bn_2016-04-06_00-00-00_Magellan-Baade_IMACS_None.txt,2457484.5,No,No,2016ApJ...828L..18N,Unknown
2015bn,2015bn_2015-03-12_00-00-00_ANU-2.3m_WiFeS_None.txt,2457093.5,No,No,2016ApJ...826...39N,Unknown
2015bn,2015bn_2015-02-17_00-00-00_ESO-NTT_EFOSC2-NTT_None.txt,2457070.5,No,No,2016ApJ...826...39N,Unknown
2015bn,2015bn_2015-02-18_12-00-00_ESO-NTT_EFOSC2-NTT_None.asci,2457072,No,No,,Unknown
2015bn,2015bn_2016-01-08_00-00-00_Magellan-Baade_IMACS_None.txt,2457395.5,No,No,2016ApJ...828L..18N,Unknown
2015bn,2015bn_2016-03-05_00-00-00_VLT-UT2_X-Shooter_None_0.txt,2457452.5,No,No,2017ApJ...835...13J,Unknown
2015bn,2015bn_2015-02-24_00-00-00_ESO-NTT_Sofi_None.txt,2457077.5,No,No,2016ApJ...826...39N,Unknown
2015bn,2015bn_2016-03-05_00-00-00_VLT-UT2_X-Shooter_None_1.txt,2457452.5,No,No,2017ApJ...835...13J,Unknown
2015bn,2015bn_2015-02-18_00-00-00_Magellan-Baade_IMACS_None.txt,2457071.5,No,No,2016ApJ...826...39N,Unknown
2015bn,2015bn_2015-03-11_00-00-00_ESO-NTT_EFOSC2-NTT_None.txt,2457092.5,No,No,2016ApJ...826...39N,Unknown
2015bn,2015bn_2015-02-24_00-00-00_ANU-2.3m_WiFeS_None.txt,2457077.5,No,No,2016ApJ...826...39N,Unknown
2015bn,2015bn_2018-07-08_23-37-03_Magellan-Clay_LDSS-3_None.txt,2458308.4840625,No,No,2018ApJ...866L..24N,Unknown
2015bn,2015bn_2016-03-05_00-00-00_VLT-UT2_X-Shooter_None_2.txt,2457452.5,No,No,2017ApJ...835...13J,Unknown
2015bn,2015bn_2015-06-21_00-00-00_UH88_SNIFS_None.txt,2457194.5,No,No,2016ApJ...826...39N,Unknown
2015bn,2015bn_2016-01-01_00-00-00_ESO-NTT_EFOSC2-NTT_None_0.txt,2457388.5,No,No,2017ApJ...835...13J,Unknown
2015bn,2015bn_2015-04-24_00-00-00_Magellan-Baade_IMACS_None.txt,2457136.5,No,No,2016ApJ...826...39N,Unknown
2015bn,2015bn_2016-01-01_00-00-00_ESO-NTT_EFOSC2-NTT_None.txt,2457388.5,No,No,2017ApJ...835...13J,Unknown
2015bn,2015bn_2016-03-05_00-00-00_VLT-UT2_X-Shooter_None.txt,2457452.5,No,No,2017ApJ...835...13J,Unknown
2015bn,2015bn_2015-03-01_00-00-00_LT_SPRAT_None.txt,2457082.5,No,No,2016ApJ...826...39N,Unknown
2015bn,2015bn_2015-04-11_00-00-00_ESO-NTT_EFOSC2-NTT_None.txt,2457123.5,No,No,2016ApJ...826...39N,Unknown
2015bn,2015bn_2015-06-08_00-00-00_UH88_SNIFS_None.txt,2457181.5,No,No,2016ApJ...826...39N,Unknown
2015bn,2015bn_2015-07-16_00-00-00_Magellan-Clay_LDSS-3_None.txt,2457219.5,No,No,2016ApJ...826...39N,Unknown
2015bn,2015bn_2015-03-18_00-00-00_ESO-NTT_EFOSC2-NTT_None.txt,2457099.5,No,No,2016ApJ...826...39N,Unknown
2015bn,2015bn_2015-04-23_00-00-00_Magellan-Baade_IMACS_None.txt,2457135.5,No,No,2016ApJ...826...39N,Unknown
2015bn,2015bn_2015-03-11_00-00-00_MMT_MMT-Blue_None.txt,2457092.5,No,No,2016ApJ...826...39N,Unknown
2015bn,2015bn_2015-05-15_00-00-00_Magellan-Baade_IMACS_None.txt,2457157.5,No,No,2016ApJ...826...39N,Unknown
2015bn,2015bn_2015-07-08_00-00-00_UH88_SNIFS_None.txt,2457211.5,No,No,2016ApJ...826...39N,Unknown
2015bn,2015bn_2015-04-23_00-00-00_FTN_FLOYDS-N_None.txt,2457135.5,No,No,2016ApJ...826...39N,Unknown
2015bn,SN_2015bn_2015-03-27_08-06-43_Lick-3m_KAST_UCB-SNDB_0.flm,2457108.8379977,No,No,UCB-SNDB,Unknown
2015bn,2015bn_2015-06-28_00-00-00_UH88_SNIFS_None.txt,2457201.5,No,No,2016ApJ...826...39N,Unknown
2015bn,2015bn_2015-04-28_00-00-00_ESO-NTT_Sofi_None.txt,2457140.5,No,No,2016ApJ...826...39N,Unknown
2015bn,2015bn_2015-03-11_00-00-00_ESO-NTT_Sofi_None.txt,2457092.5,No,No,2016ApJ...826...39N,Unknown
2015bn,2015bn_2015-05-08_00-00-00_LT_SPRAT_None.txt,2457150.5,No,No,2016ApJ...826...39N,Unknown
2015bn,2015bn_2016-05-29_00-00-00_Gemini-N_GMOS_None.txt,2457537.5,No,No,2016ApJ...828L..18N,Unknown
2015bn,2015bn_2015-12-16_00-00-00_Magellan-Baade_IMACS_None.txt,2457372.5,No,No,2016ApJ...826...39N,Unknown
2015bn,2015bn_2015-02-25_00-00-00_ESO-NTT_EFOSC2-NTT_None.txt,2457078.5,No,No,2016ApJ...826...39N,Unknown
2015bn,2015bn_2016-02-12_00-00-00_Magellan-Baade_IMACS_None.txt,2457430.5,No,No,2016ApJ...828L..18N,Unknown
2015bn,2015bn_2015-05-23_00-00-00_UH88_SNIFS_None.txt,2457165.5,No,No,2016ApJ...826...39N,Unknown
PTF12dam,PTF12dam_2012-05-21_00-00-00_Lick-3m_KAST_PTF.dat,2456068.5,No,Yes,PTF,Rest
PTF12dam,PTF12dam_2012-08-09_00-00-00_NOT_ALFOSC_None.txt,2456148.5,No,No,2013Natur.502..346N,Unknown
PTF12dam,PTF12dam_2012-07-11_00-00-00_Lick-3m_KAST_PTF.dat,2456119.5,No,Yes,PTF,Rest
PTF12dam,PTF12dam_2013-02-10_00-00-00_WHT-4.2m_ISIS_None_0.txt,2456333.5,No,No,2013Natur.502..346N,Unknown
PTF12dam,PTF12dam_2012-05-24_00-00-00_GTC_OSIRIS_None.txt,2456071.5,No,No,2013Natur.502..346N,Unknown
PTF12dam,PTF12dam_2012-06-14_00-00-00_Lick-3m_KAST_PTF.dat,2456092.5,No,Yes,PTF,Rest
PTF12dam,PTF12dam_2012-06-01_00-00-00_NOT_ALFOSC_None.txt,2456079.5,No,No,2013Natur.502..346N,Unknown
PTF12dam,PTF12dam_2012-05-22_00-00-00_Keck1_LRIS_PTF_0.dat,2456069.5,No,Yes,PTF,Rest
PTF12dam,PTF12dam_2012-12-17_00-00-00_Gemini-N_GMOS_None.txt,2456278.5,No,No,2013Natur.502..346N,Unknown
PTF12dam,PTF12dam_2012-05-25_00-00-00_WHT-4.2m_ISIS_None_0.txt,2456072.5,No,No,2013Natur.502..346N,Unknown
PTF12dam,PTF12dam_2013-06-09_00-00-00_Keck1_LRIS_PTF.dat,2456452.5,No,Yes,PTF,Rest
PTF12dam,PTF12dam_2012-05-20_00-00-00_Lick-3m_KAST_PTF.dat,2456067.5,No,Yes,PTF,Rest
PTF12dam,PTF12dam_2012-06-29_00-00-00_Ekar_AFOSC_None.txt,2456107.5,No,No,2013Natur.502..346N,Unknown
PTF12dam,PTF12dam_2012-06-25_00-00-00_WHT-4.2m_ISIS_None.txt,2456103.5,No,No,2013Natur.502..346N,Unknown
PTF12dam,PTF12dam_2012-07-17_00-00-00_Ekar_AFOSC_None.txt,2456125.5,No,No,2013Natur.502..346N,Unknown
PTF12dam,PTF12dam_2012-07-12_00-00-00_HST_WFC3_PTF.dat,2456120.5,No,Yes,PTF,Rest
PTF12dam,PTF12dam_2012-09-22_00-00-00_WHT-4.2m_ISIS_None.txt,2456192.5,No,No,2013Natur.502..346N,Unknown
PTF12dam,PTF12dam_2012-06-18_00-00-00_P200_DBSP_PTF.dat,2456096.5,No,Yes,PTF,Rest
PTF12dam,PTF12dam_2012-08-20_00-00-00_WHT-4.2m_ISIS_PTF.dat,2456159.5,No,Yes,PTF,Rest
PTF12dam,PTF12dam_2012-07-06_00-00-00_HST_WFC3_PTF.dat,2456114.5,No,Yes,PTF,Rest
PTF12dam,PTF12dam_2012-06-25_00-00-00_WHT-4.2m_ISIS_None_0.txt,2456103.5,No,No,2013Natur.502..346N,Unknown
PTF12dam,PTF12dam_2012-05-23_00-00-00_Ekar_AFOSC_None.txt,2456070.5,No,No,2013Natur.502..346N,Unknown
PTF12dam,PTF12dam_2012-06-21_00-00-00_NOT_ALFOSC_None.txt,2456099.5,No,No,2013Natur.502..346N,Unknown
PTF12dam,PTF12dam_2014-04-30_10-33-34_Keck1_LRIS_None.spec,2456777.9399769,No,No,2016ApJ...830...13P,Unknown
PTF12dam,PTF12dam_2012-08-20_00-00-00_WHT-4.2m_ISIS_None.txt,2456159.5,No,No,2013Natur.502..346N,Unknown
PTF12dam,PTF12dam_2012-05-26_00-00-00_HST_WFC3_PTF.dat,2456073.5,No,Yes,PTF,Rest
PTF12dam,PTF12dam_2012-05-25_00-00-00_WHT-4.2m_ISIS_None.txt,2456072.5,No,No,2013Natur.502..346N,Unknown
PTF12dam,PTF12dam_2012-05-25_00-00-00_WHT-4.2m_ISIS_PTF_0.dat,2456072.5,No,Yes,PTF,Rest
PTF12dam,PTF12dam_2013-02-10_00-00-00_WHT-4.2m_ISIS_None.txt,2456333.5,No,No,2013Natur.502..346N,Unknown
PTF12dam,PTF12dam_2014-04-29_00-00-00_Keck1_LRIS_PTF.dat,2456776.5,No,Yes,PTF,Rest
PTF12dam,PTF12dam_2012-09-22_00-00-00_WHT-4.2m_ISIS_None_0.txt,2456192.5,No,No,2013Natur.502..346N,Unknown
PTF12dam,PTF12dam_2012-06-08_00-00-00_NOT_ALFOSC_None.txt,2456086.5,No,No,2013Natur.502..346N,Unknown
PTF12dam,PTF_12dam_2012-05-21_10-13-26_Lick-3m_KAST_UCB-SNDB_0.flm,2456068.9259954,No,No,UCB-SNDB,Unknown
PTF12dam,PTF12dam_2012-08-20_00-00-00_WHT-4.2m_ISIS_None_0.txt,2456159.5,No,No,2013Natur.502..346N,Unknown
PTF12dam,PTF12dam_2012-12-05_00-00-00_P200_DBSP_PTF_0.dat,2456266.5,No,Yes,PTF,Rest
PTF12dam,PTF12dam_2013-04-09_00-00-00_Keck1_LRIS_PTF.dat,2456391.5,No,Yes,PTF,Rest
PTF12dam,PTF_12dam_2012-07-11_08-36-57_Lick-3m_KAST_UCB-SNDB_0.flm,2456119.8589931,No,No,UCB-SNDB,Unknown
2011kg,2011kg_2012-01-17_00-00-00_HST_WFC3_PTF.dat,2455943.5,No,Yes,PTF,Rest
2011kg,2011kg_2012-07-15_00-00-00_Keck1_LRIS_PTF.dat,2456123.5,No,Yes,PTF,Rest
2011kg,2011kg_2011-12-27_00-00-00_P200_DBSP_PTF_0.dat,2455922.5,No,Yes,PTF,Rest
2011kg,2011kg_2012-01-18_00-00-00_P200_DBSP_PTF_0.dat,2455944.5,No,Yes,PTF,Rest
2011kg,SN2011kg_2012-07-15_12-51-04_Keck1_LRIS_None.spec,2456124.035463,No,No,2016ApJ...830...13P,Unknown
2011kg,SN2011kg_2012-01-26_00-00-00_VLT-UT2_X-Shooter_None.ascii,2455952.5,No,No,2013ApJ...770..128I,Unknown
2011kg,2011kg_2011-12-31_00-00-00_Keck1_LRIS_PTF.dat,2455926.5,No,Yes,PTF,Rest
2011kg,SN2011kg_2012-01-17_00-00-00_VLT-UT2_X-Shooter_None.ascii,2455943.5,No,No,2013ApJ...770..128I,Unknown
2011kg,2011kg_2012-03-01_00-00-00_WHT-4.2m_ISIS_PTF.dat,2455987.5,No,Yes,PTF,Rest
2011kg,2011kg_2012-02-01_00-00-00_P200_DBSP_PTF_0.dat,2455958.5,No,Yes,PTF,Rest
2011kg,SN2011kg_2012-01-09_00-00-00_VLT-UT2_X-Shooter_None.ascii,2455935.5,No,No,2013ApJ...770..128I,Unknown
2011kg,SN2011kg_2012-03-03_00-00-00_VLT-UT1_FORS1_None.ascii,2455989.5,No,No,2013ApJ...770..128I,Unknown
PS1-10bzj,PS1-10bzj_2011-01-25_00-00-00_Gemini-S_GMOS-S_None.flm,2455586.5,No,No,2013ApJ...771...97L,Unknown
PS1-10bzj,PS1-10bzj_2011-01-28_00-00-00_Gemini-S_GMOS-S_None.flm,2455589.5,No,No,2013ApJ...771...97L,Unknown
PS1-10bzj,PS1-10bzj_2011-01-13_00-00-00_Magellan-Clay_LDSS-3_None.flm,2455574.5,No,No,2013ApJ...771...97L,Unknown
PS1-10bzj,PS1-10bzj_2011-04-02_00-00-00_Gemini-S_GMOS-S_None.flm,2455653.5,No,No,2013ApJ...771...97L,Unknown
2011kf,2011kf_2012-03-03_00-00-00_VLT-UT1_FORS1_None.ascii,2455989.5,No,No,2013ApJ...770..128I,Unknown
2011kf,2011kf_2012-01-30_00-00-00_VLT-UT2_X-Shooter_None.ascii,2455956.5,No,No,2013ApJ...770..128I,Unknown
iPTF13dcc,iPTF13dcc_2013-12-04_11-05-01.162000_Keck1_LRIS_iPTF.ascii,2456630.9618171,No,No,iPTF,Unknown
2016wi,iPTF15esb_2016-11-02_13-36-29_Keck1_LRIS_iPTF.ascii,2457695.0670023,No,No,iPTF,Unknown
2016wi,iPTF15esb_2015-12-16_00-00-00_Keck2_DEIMOS_iPTF.ascii,2457372.5,No,No,iPTF,Unknown
2016wi,iPTF15esb_2016-02-02_00-00-00_P200_DBSP_iPTF.ascii,2457420.5,No,No,iPTF,Unknown
2016wi,SN2016wi_2015-12-16_00-00-00_Keck2_DEIMOS_TNS.ascii,2457372.5,No,No,TNS,Unknown
2016wi,iPTF15esb_2016-03-06_08-03-46_Keck1_LRIS_iPTF.ascii,2457453.8359491,No,No,iPTF,Unknown
2016wi,iPTF15esb_2017-01-02_09-27-49_Keck1_LRIS_iPTF.ascii,2457755.8943171,No,No,iPTF,Unknown
2016wi,iPTF15esb_2016-02-09_09-41-25_Keck1_LRIS_iPTF.ascii,2457427.9037616,No,No,iPTF,Unknown
2016wi,iPTF15esb_2016-02-07_05-51-38_Keck1_LRIS_iPTF.ascii,2457425.7441898,No,No,iPTF,Unknown
2016wi,iPTF15esb_2016-01-12_14-19-44_Keck1_LRIS_iPTF.ascii,2457400.097037,No,No,iPTF,Unknown
2016wi,iPTF15esb_2016-05-05_06-18-57_Keck1_LRIS_iPTF.ascii,2457513.7631597,No,No,iPTF,Unknown
2016wi,iPTF15esb_2016-01-07_00-00-00_Keck2_DEIMOS_iPTF.ascii,2457394.5,No,No,iPTF,Unknown
2016wi,iPTF15esb_2016-04-10_06-08-02_Keck1_LRIS_iPTF.ascii,2457488.7555787,No,No,iPTF,Unknown
PS1-10ky,PS1-10ky_2010-07-21_00-00-00_Gemini-N_GMOS_PS1.flm,2455398.5,No,No,PS1,Unknown
PS1-10ky,PS1-10ky_2010-08-18_00-00-00_Gemini-S_GMOS-S_PS1.flm,2455426.5,No,No,PS1,Unknown
PS1-10ky,PS1-10ky_2010-07-17_00-00-00_MMT_MMT-Blue_PS1.flm,2455394.5,No,No,PS1,Unknown
PS1-10ky,PS1-10ky_2010-09-09_00-00-00_Gemini-S_GMOS-S_PS1.flm,2455448.5,No,No,PS1,Unknown
PTF09atu,PTF09atu_2009-08-25_00-00-00_Keck1_LRIS_PTF.dat,2455068.5,No,No,PTF,Unknown
PTF09atu,PTF09atu_2009-08-25_00-00-00_Keck1_LRIS_PTF_0.dat,2455068.5,No,Yes,PTF,Rest
PTF09atu,PTF09atu_2010-01-14_00-00-00_Keck1_LRIS_PTF_0.dat,2455210.5,No,Yes,PTF,Rest
PTF09atu,PTF09atu_2014-04-29_13-12-22_Keck1_LRIS_None.spec,2456777.0502546,No,No,2016ApJ...830...13P,Unknown
PTF09atu,PTF09atu_2009-07-22_00-00-00_Keck1_LRIS_PTF.dat,2455034.5,No,Yes,PTF,Rest
PTF09atu,PTF09atu_2009-10-16_00-00-00_Keck1_LRIS_PTF.dat,2455120.5,No,Yes,PTF,Rest
PTF09atu,PTF09atu_2009-07-20_00-00-00_Keck1_LRIS_PTF.dat,2455032.5,No,Yes,PTF,Rest
PTF09atu,PTF09atu_2009-09-23_00-00-00_Keck1_LRIS_PTF_1.dat,2455097.5,No,Yes,PTF,Rest
PTF09atu,PTF09atu_2010-02-11_00-00-00_Keck1_LRIS_PTF.dat,2455238.5,No,Yes,PTF,Rest
2017egm,2017egm_2017-05-30_13-26-36_XLT_BFOSC_None.txt,2457904.0601389,No,No,2023NatAs.tmp...90L,Unknown
2017egm,2017egm_2017-07-05_04-39-21_Lick-3m_KAST_None.txt,2457939.6939931,No,No,2018ApJ...853...57B,Unknown
2017egm,2017egm_2017-07-18_20-29-02_Ekar_AFOSC_None.txt,2457953.3534954,No,No,2018ApJ...853...57B,Unknown
2017egm,2017egm_2017-06-24_04-59-31_Lick-3m_KAST_None.txt,2457928.7079977,No,No,2018ApJ...853...57B,Unknown
2017egm,2017egm_2458191.79_LBT_MODS1_None.txt,2458191.79,No,No,2023arXiv230303424Z,Unknown
2017egm,2017egm_2458079_Lick-3m_KAST_None.txt,2458079,No,No,2023arXiv230303424Z,Unknown
2017egm,2017egm_2017-06-26_04-53-45_Lick-3m_KAST_None.txt,2457930.7039931,No,No,2018ApJ...853...57B,Unknown
2017egm,2017egm_2017-05-30_21-35-29_NOT_ALFOSC_None.txt,2457904.3996412,No,No,,Unknown
2017egm,2017egm_2017-11-16_14-54-24_Keck1_LRIS_None.txt,2458074.1211111,No,No,2023NatAs.tmp...90L,Unknown
2017egm,2017egm_2458099.98_Lick-3m_KAST_None.txt,2458099.98,No,No,2023arXiv230303424Z,Unknown
2017egm,2017egm_2017-05-26_12-45-04_BAO-2.16m_Cassegrain_None.txt,2457900.0312963,No,No,,Unknown
2017egm,2017egm_2017-06-23_HST_STIS_None.txt,2457927.5,No,No,,Unknown
2017egm,2017egm_2458074.0846_IRTF_SpeX_None.txt,2458074.0846,No,No,,Unknown
2017egm,2017egm_2017-10-30_MDM-2.4_OSMOS_None.txt,2458056.5,No,No,2018arXiv180800510N,Unknown
2017egm,2017egm_2018-01-05_MMT_MMT-Blue_None.txt,2458123.5,No,No,2018arXiv180800510N,Unknown
2017egm,2017egm_2458057.04_Lick-3m_KAST_None.txt,2458057.04,No,No,2023arXiv230303424Z,Unknown
2017egm,2017egm_2018-06-21_Gemini-N_GMOS_None.txt,2458290.5,No,No,2018arXiv180800510N,Unknown
2017egm,2017egm_2017-12-03_MMT_MMT-Blue_None.txt,2458090.5,No,No,2018arXiv180800510N,Unknown
2017egm,2017egm_2017-10-19_20-24-55_XLT_BFOSC_None.txt,2458046.3506366,No,No,2023NatAs.tmp...90L,Unknown
2017egm,2017egm_2458195.49_GTC_OSIRIS_None.txt,2458195.49,No,No,2023arXiv230303424Z,Unknown
2017egm,2017egm_2017-11-14_Other_Other_None.txt,2458071.5,No,No,2018arXiv180800510N,Unknown
2017egm,2017egm_2458035.00_Lick-3m_VNIRIS_None.txt,2458035,No,No,2023arXiv230303424Z,Unknown
2017egm,2017egm_2017-07-18_04-17-45_Lick-3m_KAST_None.txt,2457952.6789931,No,No,2018ApJ...853...57B,Unknown
2017egm,2017egm_2017-06-27_04-36-28_Lick-3m_KAST_None.txt,2457931.6919907,No,No,2018ApJ...853...57B,Unknown
2017egm,2017egm_2018-07-13_06-08-04_Keck1_LRIS_None.txt,2458312.7556019,No,No,2023NatAs.tmp...90L,Unknown
2017egm,2017egm_2017-07-01_21-44-55_NOT_ALFOSC_None.txt,2457936.4061921,No,No,2018ApJ...853...57B,Unknown
2017egm,2017egm_2017-06-05_15-20-04_Lijiang-2.4m_YFOSC_None.dat,2457910.1389352,No,No,2023NatAs.tmp...90L,Unknown
2017egm,2017egm_2017-06-28_05-00-57_Lick-3m_KAST_None.txt,2457932.7089931,No,No,2018ApJ...853...57B,Unknown
2017egm,2017egm_2458106_Lick-3m_KAST_None.txt,2458106,No,No,2023arXiv230303424Z,Unknown
2017egm,2017egm_2017-06-17_03-46-12_P200_DBSP_None.txt,2457921.6570833,No,No,2023NatAs.tmp...90L,Unknown
2017egm,2017egm_2018-01-08_00-00-00_Keck1_MOSFIRE_None_0.dat,2458126.5,No,No,2023NatAs.tmp...90L,Unknown
2017egm,2017egm_2018-01-13_11-23-51_Keck1_LRIS_None_0.txt,2458131.9748958,No,No,2023NatAs.tmp...90L,Unknown
2017egm,2017egm_2017-10-26_10-40-00_P200_DBSP_None.dat,2458052.9444444,No,No,2023NatAs.tmp...90L,Unknown
2017egm,2017egm_2017-06-20_04-52-19_Lick-3m_KAST_None.txt,2457924.7029977,No,No,2018ApJ...853...57B,Unknown
2017egm,2017egm_2017-06-21_06-57-36_IRTF_SpeX_None.txt,2457925.79,No,No,2018ApJ...853...57B,Unknown
2017egm,2017egm_2017-06-21_04-45-07_Lick-3m_KAST_None.txt,2457925.6979977,No,No,2018ApJ...853...57B,Unknown
2017egm,2017egm_2017-11-15_14-07-44_Keck1_LRIS_None.txt,2458073.0887037,No,No,2023NatAs.tmp...90L,Unknown
2017egm,2017egm_2458115.93_P200_DBSP_None.txt,2458115.93,No,No,2023arXiv230303424Z,Unknown
2017egm,2017egm_2017-06-11_21-07-12_Galileo_BC-Asi_None.txt,2457916.38,No,No,2018ApJ...853...57B,Unknown
2017egm,2017egm_2017-06-17_13-05-56_XLT_BFOSC_None.txt,2457922.045787,No,No,2023NatAs.tmp...90L,Unknown
2017egm,2017egm_2017-06-20_22-17-12_LT_SPRAT_None.txt,2457925.4286111,No,No,2018ApJ...853...57B,Unknown
2017egm,2017egm_2017-06-26_22-23-41_NOT_ALFOSC_None.txt,2457931.4331134,No,No,2018ApJ...853...57B,Unknown
2017egm,2017egm_2017-06-10_22-00-44_LT_SPRAT_None.txt,2457915.4171759,No,No,2018ApJ...853...57B,Unknown
2017egm,2017egm_2018-05-10_08-51-51_Keck1_LRIS_None.txt,2458248.8693403,No,No,2023NatAs.tmp...90L,Unknown
2017egm,2017egm_2017-06-07_14-01-57_XLT_BFOSC_None.txt,2457912.0846875,No,No,2023NatAs.tmp...90L,Unknown
2017egm,2017egm_2017-06-15_21-26-10_LT_SPRAT_None.txt,2457920.3931713,No,No,2018ApJ...853...57B,Unknown
2017egm,2017egm_2458024.04_Lick-3m_KAST_None.txt,2458024.04,No,No,,Unknown
2017egm,2017egm_2458052.036_Lick-3m_KAST_None.txt,2458052.036,No,No,2023arXiv230303424Z,Unknown
2017egm,2017egm_2017-06-03_04-45-24_Lick-3m_KAST_None.txt,2457907.6981944,No,No,2018ApJ...853...57B,Unknown
2017egm,2017egm_2017-07-01_04-36-28_Lick-3m_KAST_None.txt,2457935.6919907,No,No,2018ApJ...853...57B,Unknown
2017egm,2017egm_2017-06-19_00-00-00_Lick-3m_VNIRIS_None.txt,2457923.5,No,No,2018ApJ...853...57B,Unknown
2017egm,2017egm_2458132.00_Lick-3m_KAST_None.txt,2458132,No,No,2023arXiv230303424Z,Unknown
2017egm,2017egm_2017-06-17_04-19-12_FLWO-1.5m_FAST_None.txt,2457921.68,No,No,2018ApJ...853...57B,Unknown
2017egm,2017egm_2017-06-23_04-53-45_Lick-3m_KAST_None.txt,2457927.7039931,No,No,2018ApJ...853...57B,Unknown
2017egm,2017egm_2458191.79_LBT_MODS1_None_0.txt,2458191.79,No,No,2023arXiv230303424Z,Unknown
2017egm,2017egm_2458046.047_Lick-3m_KAST_None.txt,2458046.047,No,No,2023arXiv230303424Z,Unknown
2017egm,2017egm_2017-06-07_23-31-12_NOT_ALFOSC_None.txt,2457912.48,No,No,2018ApJ...853...57B,Unknown
2017egm,2017egm_2018-01-26_MMT_MMT-Blue_None.txt,2458144.5,No,No,2018arXiv180800510N,Unknown
2017egm,2017egm_2017-05-30_21-50-24_NOT_ALFOSC_None.txt,2457904.41,No,No,2018ApJ...853...57B,Unknown
2017egm,2017egm_2017-06-25_04-24-10_Lick-3m_KAST_None.txt,2457929.6834491,No,No,2018ApJ...853...57B,Unknown
2017egm,2017egm_2458013.00_P200_DBSP_None.txt,2458013,No,No,2023arXiv230303424Z,Unknown
2017egm,2017egm_2017-06-22_03-50-16_P200_DBSP_None.txt,2457926.6599074,No,No,2023NatAs.tmp...90L,Unknown
2017egm,2017egm_2018-01-08_00-00-00_Keck1_MOSFIRE_None.dat,2458126.5,No,No,2023NatAs.tmp...90L,Unknown
2017egm,2017egm_2017-06-24_21-51-12_NOT_ALFOSC_None.txt,2457929.4105556,No,No,2018ApJ...853...57B,Unknown
2017egm,2017egm_2017-06-17_22-19-12_NOT_ALFOSC_None.txt,2457922.43,No,No,2018ApJ...853...57B,Unknown
2017egm,2017egm_2018-01-13_11-23-51_Keck1_LRIS_None.txt,2458131.9748958,No,No,2023NatAs.tmp...90L,Unknown
2017egm,2017egm_2458056.97_P200_DBSP_None.txt,2458056.97,No,No,,Unknown
2017egm,2017egm_2017-05-31_12-58-02_XLT_BFOSC_None.txt,2457905.0403009,No,No,2023NatAs.tmp...90L,Unknown
PS1-14bj,PS1-14bj_2014-03-08_07-40-48_MMT_MMT-Blue_None.flm,2456724.82,No,No,2016ApJ...831..144L,Unknown
PS1-14bj,PS1-14bj_2014-05-03_23-45-36_Gemini-S_GMOS-S_None.flm,2456781.49,No,No,2016ApJ...831..144L,Unknown
PS1-14bj,PS1-14bj_2015-01-15_06-28-48_Magellan-Baade_IMACS_None.flm,2457037.77,No,No,2016ApJ...831..144L,Unknown
PS1-14bj,PS1-14bj_2014-03-28_08-38-24_Gemini-N_GMOS_None.flm,2456744.86,No,No,2016ApJ...831..144L,Unknown
PS1-14bj,PS1-14bj_2014-06-27_23-45-36_Magellan-Clay_LDSS-3_None.flm,2456836.49,No,No,2016ApJ...831..144L,Unknown
PS1-14bj,PS1-14bj_2014-04-27_08-09-36_Gemini-N_GMOS_None.flm,2456774.84,No,No,2016ApJ...831..144L,Unknown
PS1-14bj,PS1-14bj_2015-03-28_07-40-48_Gemini-N_GMOS_None.flm,2457109.82,No,No,2016ApJ...831..144L,Unknown
PS1-14bj,PS1-14bj_2014-06-25_23-45-36_Magellan-Clay_LDSS-3_None.flm,2456834.49,No,No,2016ApJ...831..144L,Unknown
PS1-14bj,PS1-14bj_2014-12-19_07-12-00_Magellan-Baade_IMACS_None.flm,2457010.8,No,No,2016ApJ...831..144L,Unknown
PS1-14bj,PS1-14bj_2014-04-28_04-48-00_MMT_MMT-Blue_None.flm,2456775.7,No,No,2016ApJ...831..144L,Unknown
iPTF16bad,iPTF16bad_2017-03-29_14-16-48_Keck1_LRIS_iPTF.ascii,2457842.095,No,No,iPTF,Unknown
iPTF16bad,iPTF16bad_2016-09-30_05-20-27_Keck1_LRIS_iPTF.ascii,2457661.7225347,No,No,iPTF,Unknown
iPTF16bad,iPTF16bad_2016-06-04_11-16-52_Keck2_DEIMOS_iPTF.ascii,2457543.9700463,No,No,iPTF,Unknown
iPTF16bad,iPTF16bad_2016-06-07_11-48-27_Keck1_LRIS_iPTF.ascii,2457546.9919792,No,No,iPTF,Unknown
iPTF13ajg,iPTF13ajg_2013-05-08_00-00-00_VLT-UT2_X-Shooter_iPTF.dat,2456420.5,No,No,iPTF,Unknown
iPTF13ajg,iPTF13ajg_2013-04-08_00-00-00_Keck2_DEIMOS_iPTF_0.dat,2456390.5,No,No,iPTF,Unknown
iPTF13ajg,iPTF_13ajg_2013-05-10_12-56-09_Keck1_LRIS_UCB-SNDB_0.flm,2456423.0389931,No,No,UCB-SNDB,Unknown
iPTF13ajg,iPTF13ajg_2013-06-06_00-00-00_Keck2_DEIMOS_iPTF_1.dat,2456449.5,No,No,iPTF,Unknown
iPTF13ajg,iPTF_13ajg_2013-04-08_14-25-26_Keck2_DEIMOS_UCB-SNDB_0.flm,2456391.1009954,No,No,UCB-SNDB,Unknown
iPTF13ajg,iPTF13ajg_2013-07-12_00-00-00_Keck2_DEIMOS_iPTF_0.dat,2456485.5,No,No,iPTF,Unknown
iPTF13ajg,iPTF13ajg_2013-09-09_00-00-00_Keck1_LRIS_iPTF.dat,2456544.5,No,No,iPTF,Unknown
iPTF13ajg,iPTF13ajg_2013-04-17_00-00-00_VLT-UT2_X-Shooter_iPTF.dat,2456399.5,No,No,iPTF,Unknown
iPTF13ajg,iPTF13ajg_2013-06-10_00-00-00_Keck2_DEIMOS_iPTF_0.dat,2456453.5,No,No,iPTF,Unknown
iPTF13ajg,iPTF_13ajg_2013-06-10_00-00-00_Keck2_DEIMOS_UCB-SNDB_0.flm,2456453.5,No,No,UCB-SNDB,Unknown
iPTF13ajg,iPTF13ajg_2013-04-09_00-00-00_Keck1_LRIS_iPTF.dat,2456391.5,No,No,iPTF,Unknown
iPTF13ajg,iPTF13ajg_2013-05-10_00-00-00_Keck1_LRIS_iPTF.dat,2456422.5,No,No,iPTF,Unknown
2009jh,SN2009jh_2014-04-29_10-42-09_Keck1_LRIS_None.spec,2456776.9459375,No,No,2016ApJ...830...13P,Unknown
2009jh,2009jh_2009-08-25_00-00-00_Keck1_LRIS_PTF.dat,2455068.5,No,No,PTF,Unknown
2009jh,2009jh_2009-08-25_00-00-00_Keck1_LRIS_PTF_0.dat,2455068.5,No,Yes,PTF,Rest
2009jh,2009jh_2009-09-23_00-00-00_Keck1_LRIS_PTF_0.dat,2455097.5,No,Yes,PTF,Rest
2009jh,2009jh_2009-10-17_00-00-00_Keck1_LRIS_PTF.dat,2455121.5,No,Yes,PTF,Rest
2009jh,2009jh_2010-02-11_00-00-00_Keck1_LRIS_PTF.dat,2455238.5,No,Yes,PTF,Rest
2009jh,2009jh_2009-12-19_00-00-00_Keck1_LRIS_PTF_0.dat,2455184.5,No,Yes,PTF,Rest
2009jh,2009jh_2011-06-02_00-00-00_Keck1_LRIS_PTF_0.dat,2455714.5,No,Yes,PTF,Rest
